The top 10 futures contracts on individual securities traded are as under:                          
S No      ,Symbol    ,Exp Date  ,Traded Value (Rs.)  ,No of Contracts  
1         ,WOCKPHARMA,24/09/2015,     5580986125.00,            34805
2         ,TATAMOTORS,24/09/2015,     5176343650.00,            29838
3         ,LT        ,24/09/2015,     5611072363.00,            28226
4         ,SBIN      ,24/09/2015,     6108697600.00,            26960
5         ,AXISBANK  ,24/09/2015,     5794306825.00,            24089
6         ,YESBANK   ,24/09/2015,     4073951825.00,            23153
7         ,ICICIBANK ,24/09/2015,     5402530450.00,            20574
8         ,TATASTEEL ,24/09/2015,     4711179950.00,            19853
9         ,HDFCBANK  ,24/09/2015,     4381353488.00,            17428
10        ,RELIANCE  ,24/09/2015,     3613450775.00,            16720
The top ten contracts contributed to around  22% of the total traded volume in Futures on individual securities.WOCKPHARMA was the most active future contracts on individual securities traded today with 35099 contracts and TATAMOTORS was the next most active futures contracts with 31507 contracts being traded.                                                                                                                                                                                             
