Futures -Expirywise
USDINR
Expiry month,Open Interest (Qty) as at end of trading hrs.,Total Traded value(RS in Cr.),No of Contracts Traded
28/09/2015,1382579,8392.200,1256770
28/10/2015,200869,267.053,39779
26/11/2015,106302,47.986,7107
29/12/2015,44469,7.895,1163
27/01/2016,22452,2.886,423
25/02/2016,23098,3.548,517
29/03/2016,14562,1.247,181
27/04/2016,19489,0.145,21
27/05/2016,16443,0.362,52
28/06/2016,26059,0.063,9
27/07/2016,23441,5.530,788
29/08/2016,3332,0.445,63
USDINR 28/09/2015 was the most active currency futures contract traded today recording volumes of 1256770 contracts valuing Rs.8392.200 Crores
EURINR
Expiry month,Open Interest (Qty) as at end of trading hrs.,Total Traded value(RS in Cr.),No of Contracts Traded
28/09/2015,50028,530.265,70875
28/10/2015,6010,15.423,2052
26/11/2015,1451,0.656,87
EURINR 28/09/2015 was the most active currency futures contract traded today recording volumes of 70875 contracts valuing Rs.530.265 Crores
GBPINR
Expiry month,Open Interest (Qty) as at end of trading hrs.,Total Traded value(RS in Cr.),No of Contracts Traded
28/09/2015,34510,606.896,59141
28/10/2015,5746,35.351,3430
26/11/2015,426,0.249,24
29/12/2015,113,0.021,2
27/01/2016,34,0.031,3
25/02/2016,13,0.010,1
29/03/2016,1,0.011,1
GBPINR 28/09/2015 was the most active currency futures contract traded today recording volumes of 59141 contracts valuing Rs.606.896 Crores
JPYINR
Expiry month,Open Interest (Qty) as at end of trading hrs.,Total Traded value(RS in Cr.),No of Contracts Traded
28/09/2015,12277,157.418,28489
28/10/2015,513,2.054,370
26/11/2015,364,0.707,127
29/12/2015,201,0.062,11
27/01/2016,8,0.011,2
JPYINR 28/09/2015 was the most active currency futures contract traded today recording volumes of 28489 contracts valuing Rs.157.418 Crores
772GS2025 
Expiry month,Open Interest (Qty) as at end of trading hrs.,Total Traded value(RS in Cr.),No of Contracts Traded
24/09/2015,134023,747.317,37515
29/10/2015,5784,80.273,4027
772GS2025  24/09/2015 was the most active NSE Bond Futures II  contract traded today recording volumes of 37515 contracts valuing Rs.747.317 Crores
788GS2030 
Expiry month,Open Interest (Qty) as at end of trading hrs.,Total Traded value(RS in Cr.),No of Contracts Traded
24/09/2015,17012,31.758,1592
788GS2030  24/09/2015 was the most active NSE Bond Futures II  contract traded today recording volumes of 1592 contracts valuing Rs.31.758 Crores
827GS2020 
Expiry month,Open Interest (Qty) as at end of trading hrs.,Total Traded value(RS in Cr.),No of Contracts Traded
24/09/2015,1363,2.049,101
29/10/2015,421,2.108,104
827GS2020  29/10/2015 was the most active NSE Bond Futures II  contract traded today recording volumes of 104 contracts valuing Rs.2.108 Crores
840GS2024 
Expiry month,Open Interest (Qty) as at end of trading hrs.,Total Traded value(RS in Cr.),No of Contracts Traded
24/09/2015,58022,143.811,6994
29/10/2015,0,41.248,2005
840GS2024  24/09/2015 was the most active NSE Bond Futures II  contract traded today recording volumes of 6994 contracts valuing Rs.143.811 Crores
